iteration,time,train_accuracy,test_accuracy
1.0,4.439724445343018,0.3811111152172088,0.3400000035762787
2.0,7.791122913360596,0.3811111152172088,0.3400000035762787
3.0,11.06142807006836,0.3811111152172088,0.3400000035762787
4.0,14.507973432540894,0.3811111152172088,0.3400000035762787
5.0,17.726961851119995,0.3811111152172088,0.3400000035762787
6.0,21.14062714576721,0.3811111152172088,0.3400000035762787
7.0,24.394455909729,0.3811111152172088,0.3400000035762787
8.0,27.837450981140133,0.3811111152172088,0.3400000035762787
9.0,31.10824871063232,0.3811111152172088,0.3400000035762787
10.0,34.42413663864136,0.3811111152172088,0.3400000035762787
11.0,37.74286699295044,0.3811111152172088,0.3400000035762787
12.0,41.03327679634094,0.3811111152172088,0.3400000035762787
13.0,44.89933562278748,0.3811111152172088,0.3400000035762787
14.0,49.1241331100464,0.3811111152172088,0.3400000035762787
15.0,53.03194594383241,0.3811111152172088,0.3400000035762787
16.0,57.00316452980043,0.3922222256660461,0.3700000047683716
17.0,60.81851792335512,0.3922222256660461,0.3700000047683716
18.0,64.61507582664491,0.3922222256660461,0.3700000047683716
19.0,69.12005949020387,0.3922222256660461,0.3700000047683716
20.0,73.01636695861818,0.3922222256660461,0.3700000047683716
21.0,76.90445375442506,0.3922222256660461,0.3700000047683716
22.0,81.39002108573915,0.3933333456516266,0.3700000047683716
23.0,85.23904037475587,0.3933333456516266,0.3700000047683716
24.0,89.07804465293886,0.3933333456516266,0.3700000047683716
25.0,92.94964623451234,0.3933333456516266,0.3700000047683716
26.0,96.81069707870483,0.3933333456516266,0.3700000047683716
27.0,100.67804980278017,0.3933333456516266,0.3700000047683716
28.0,104.54680919647218,0.3933333456516266,0.3700000047683716
29.0,108.4483380317688,0.3933333456516266,0.3700000047683716
30.0,113.4742465019226,0.3933333456516266,0.3700000047683716
31.0,117.3299536705017,0.3933333456516266,0.3700000047683716
32.0,121.164165019989,0.3933333456516266,0.3700000047683716
33.0,125.1610960960388,0.3933333456516266,0.3700000047683716
34.0,129.04495477676392,0.3933333456516266,0.3700000047683716
35.0,132.89857411384585,0.3933333456516266,0.3700000047683716
36.0,136.7944486141205,0.3933333456516266,0.3700000047683716
37.0,140.71839976310733,0.3933333456516266,0.3700000047683716
38.0,144.6136844158173,0.3933333456516266,0.3700000047683716
39.0,148.49066996574405,0.3944444358348846,0.3799999952316284
40.0,152.4065766334534,0.3944444358348846,0.3799999952316284
41.0,156.36269783973697,0.3944444358348846,0.3799999952316284
42.0,160.24623346328738,0.3944444358348846,0.3799999952316284
43.0,164.11992669105533,0.3944444358348846,0.3799999952316284
44.0,168.0120990276337,0.3944444358348846,0.3799999952316284
45.0,173.13834285736087,0.3944444358348846,0.3799999952316284
46.0,178.75969004631045,0.3944444358348846,0.3799999952316284
47.0,183.8664081096649,0.3944444358348846,0.3799999952316284
48.0,188.6240315437317,0.3944444358348846,0.3799999952316284
49.0,193.0550966262817,0.3944444358348846,0.3799999952316284
50.0,197.4391725063324,0.3944444358348846,0.3799999952316284
51.0,201.8719322681427,0.3944444358348846,0.3799999952316284
52.0,206.29301571846008,0.3944444358348846,0.3799999952316284
53.0,210.76556205749512,0.3944444358348846,0.3799999952316284
54.0,215.04069304466248,0.3944444358348846,0.3799999952316284
55.0,218.83609533309937,0.3944444358348846,0.3799999952316284
56.0,222.5485641956329,0.3944444358348846,0.3799999952316284
57.0,226.2507755756378,0.3944444358348846,0.3799999952316284
58.0,229.93731212615964,0.3944444358348846,0.3799999952316284
59.0,233.62062740325925,0.3944444358348846,0.3799999952316284
60.0,237.5644917488098,0.3944444358348846,0.3799999952316284
61.0,242.56348395347592,0.3944444358348846,0.3799999952316284
62.0,246.3577790260315,0.3944444358348846,0.3799999952316284
63.0,250.13973712921145,0.3944444358348846,0.3799999952316284
64.0,253.85575389862063,0.3944444358348846,0.3799999952316284
65.0,257.67022705078125,0.3944444358348846,0.3799999952316284
66.0,261.81814455986023,0.3944444358348846,0.3799999952316284
67.0,265.94201493263245,0.3944444358348846,0.3799999952316284
68.0,269.9394714832306,0.3944444358348846,0.3799999952316284
69.0,274.36390018463135,0.3944444358348846,0.3799999952316284
70.0,278.796804189682,0.3944444358348846,0.3799999952316284
71.0,283.0563712120056,0.3944444358348846,0.3799999952316284
72.0,287.2621033191681,0.3944444358348846,0.3799999952316284
73.0,291.43015909194946,0.3944444358348846,0.3799999952316284
74.0,295.6780245304108,0.3944444358348846,0.3799999952316284
75.0,300.4365365505219,0.3944444358348846,0.3799999952316284
76.0,304.949922323227,0.3944444358348846,0.3799999952316284
77.0,309.2210712432862,0.3944444358348846,0.3799999952316284
78.0,313.3673253059388,0.3944444358348846,0.3799999952316284
79.0,317.5410914421082,0.3944444358348846,0.3799999952316284
80.0,321.64674210548407,0.3944444358348846,0.3799999952316284
81.0,325.7194740772248,0.3944444358348846,0.3799999952316284
82.0,329.82799506187445,0.3944444358348846,0.3799999952316284
83.0,333.950392484665,0.3944444358348846,0.3799999952316284
84.0,338.00776934623724,0.3944444358348846,0.3799999952316284
85.0,341.98411035537725,0.3944444358348846,0.3799999952316284
86.0,346.00695109367376,0.3944444358348846,0.3799999952316284
87.0,350.01711273193365,0.3944444358348846,0.3799999952316284
88.0,354.03981685638433,0.3944444358348846,0.3799999952316284
89.0,358.0821220874787,0.3944444358348846,0.3799999952316284
90.0,362.3541533946992,0.3944444358348846,0.3799999952316284
91.0,368.6661379337312,0.3944444358348846,0.3799999952316284
92.0,375.5013082027437,0.3944444358348846,0.3799999952316284
93.0,381.4817793369295,0.3944444358348846,0.3799999952316284
94.0,386.6415243148805,0.3944444358348846,0.3799999952316284
95.0,391.8344027996064,0.3944444358348846,0.3799999952316284
96.0,397.7061798572541,0.3944444358348846,0.3799999952316284
97.0,403.3216888904572,0.3944444358348846,0.3799999952316284
98.0,409.243824005127,0.3944444358348846,0.3799999952316284
99.0,415.0186362266541,0.3944444358348846,0.3799999952316284
100.0,421.1033322811127,0.3944444358348846,0.3799999952316284
101.0,426.82225418090826,0.3944444358348846,0.3799999952316284
102.0,432.6988215446473,0.3944444358348846,0.3799999952316284
103.0,437.0481631755829,0.3944444358348846,0.3799999952316284
104.0,441.393381357193,0.3944444358348846,0.3799999952316284
105.0,445.8054277896881,0.3944444358348846,0.3799999952316284
106.0,450.2516369819641,0.3944444358348846,0.3799999952316284
107.0,454.8066289424896,0.3944444358348846,0.3799999952316284
108.0,459.32939982414246,0.3944444358348846,0.3799999952316284
109.0,463.8761308193207,0.3944444358348846,0.3799999952316284
110.0,468.121098279953,0.3944444358348846,0.3799999952316284
111.0,472.606983423233,0.3944444358348846,0.3799999952316284
112.0,477.1372735500335,0.3944444358348846,0.3799999952316284
113.0,481.574378490448,0.3944444358348846,0.3799999952316284
114.0,486.0677554607392,0.3944444358348846,0.3799999952316284
115.0,490.6528246402741,0.3944444358348846,0.3799999952316284
116.0,495.35278224945074,0.3944444358348846,0.3799999952316284
117.0,499.8518934249879,0.3944444358348846,0.3799999952316284
118.0,504.3530502319337,0.3944444358348846,0.3799999952316284
119.0,508.9266674518586,0.3944444358348846,0.3799999952316284
120.0,513.5194728374481,0.3944444358348846,0.3799999952316284
121.0,518.2921776771545,0.3944444358348846,0.3799999952316284
122.0,523.0544447898865,0.3944444358348846,0.3799999952316284
123.0,527.7192838191986,0.3944444358348846,0.3799999952316284
124.0,532.1720097064972,0.3944444358348846,0.3799999952316284
125.0,536.417920589447,0.3944444358348846,0.3799999952316284
126.0,540.7606570720673,0.3944444358348846,0.3799999952316284
127.0,545.254390001297,0.3944444358348846,0.3799999952316284
128.0,549.6423177719116,0.3944444358348846,0.3799999952316284
129.0,553.8209898471832,0.3944444358348846,0.3799999952316284
130.0,558.1757762432098,0.3944444358348846,0.3799999952316284
131.0,562.5007491111755,0.3944444358348846,0.3799999952316284
132.0,566.8048794269562,0.3944444358348846,0.3799999952316284
133.0,570.96258020401,0.3944444358348846,0.3799999952316284
134.0,574.7231063842773,0.3944444358348846,0.3799999952316284
135.0,578.704174041748,0.3944444358348846,0.3799999952316284
136.0,582.6766836643219,0.3944444358348846,0.3799999952316284
137.0,586.9167635440826,0.3944444358348846,0.3799999952316284
138.0,591.2734885215759,0.3944444358348846,0.3799999952316284
139.0,595.6003639698029,0.3944444358348846,0.3799999952316284
140.0,602.2546076774597,0.3944444358348846,0.3799999952316284
141.0,606.5251550674438,0.3944444358348846,0.3799999952316284
142.0,610.8788523674011,0.3944444358348846,0.3799999952316284
143.0,615.2073605060577,0.3944444358348846,0.3799999952316284
144.0,619.4688956737518,0.3944444358348846,0.3799999952316284
145.0,623.8682227134705,0.3944444358348846,0.3799999952316284
146.0,628.2028765678406,0.3944444358348846,0.3799999952316284
147.0,632.85964179039,0.3944444358348846,0.3799999952316284
148.0,638.9252445697784,0.3944444358348846,0.3799999952316284
149.0,644.7055213451385,0.3944444358348846,0.3799999952316284
150.0,650.3392541408539,0.3944444358348846,0.3799999952316284
151.0,655.6437273025513,0.3944444358348846,0.3799999952316284
152.0,660.8172016143799,0.3944444358348846,0.3799999952316284
153.0,665.87038230896,0.3944444358348846,0.3799999952316284
154.0,670.9910833835602,0.3944444358348846,0.3799999952316284
155.0,676.1638960838318,0.3944444358348846,0.3799999952316284
156.0,681.3803861141205,0.3944444358348846,0.3799999952316284
157.0,686.9072065353394,0.3944444358348846,0.3799999952316284
158.0,694.0595564842224,0.3944444358348846,0.3799999952316284
159.0,699.3184039592743,0.3944444358348846,0.3799999952316284
160.0,705.989198923111,0.3944444358348846,0.3799999952316284
161.0,711.1476719379425,0.3944444358348846,0.3799999952316284
162.0,716.3926100730896,0.3944444358348846,0.3799999952316284
163.0,721.4714438915253,0.3944444358348846,0.3799999952316284
164.0,726.3103346824646,0.3944444358348846,0.3799999952316284
165.0,731.145396232605,0.3944444358348846,0.3799999952316284
166.0,735.7827031612396,0.3944444358348846,0.3799999952316284
167.0,740.5282773971558,0.3944444358348846,0.3799999952316284
168.0,745.3371045589447,0.3944444358348846,0.3799999952316284
169.0,750.2389554977417,0.3944444358348846,0.3799999952316284
170.0,754.8861632347107,0.3944444358348846,0.3799999952316284
171.0,759.5651695728302,0.3944444358348846,0.3799999952316284
172.0,765.7698936462402,0.3944444358348846,0.3799999952316284
173.0,770.2964808940887,0.3944444358348846,0.3799999952316284
174.0,774.738175868988,0.3944444358348846,0.3799999952316284
175.0,779.1547477245331,0.3944444358348846,0.3799999952316284
176.0,783.6255989074707,0.3944444358348846,0.3799999952316284
177.0,787.9581000804901,0.3944444358348846,0.3799999952316284
178.0,792.3339946269989,0.3944444358348846,0.3799999952316284
179.0,796.7253563404083,0.3944444358348846,0.3799999952316284
180.0,801.1071634292603,0.3944444358348846,0.3799999952316284
181.0,805.5159592628479,0.3944444358348846,0.3799999952316284
182.0,809.9037058353424,0.3944444358348846,0.3799999952316284
183.0,814.3038177490234,0.3944444358348846,0.3799999952316284
184.0,819.0672318935394,0.3944444358348846,0.3799999952316284
185.0,825.1534342765808,0.3944444358348846,0.3799999952316284
186.0,831.4610488414764,0.3944444358348846,0.3799999952316284
187.0,837.1922130584717,0.3944444358348846,0.3799999952316284
188.0,842.8495817184448,0.3944444358348846,0.3799999952316284
189.0,848.4029052257538,0.3944444358348846,0.3799999952316284
190.0,853.6370918750763,0.3944444358348846,0.3799999952316284
191.0,858.6888620853424,0.3944444358348846,0.3799999952316284
192.0,863.9668452739716,0.3944444358348846,0.3799999952316284
193.0,868.9625465869904,0.3944444358348846,0.3799999952316284
194.0,873.7313578128815,0.3944444358348846,0.3799999952316284
195.0,879.8459043502808,0.3944444358348846,0.3799999952316284
196.0,884.5044546127319,0.3944444358348846,0.3799999952316284
197.0,889.1318345069885,0.3944444358348846,0.3799999952316284
198.0,893.596962928772,0.3944444358348846,0.3799999952316284
199.0,898.1831669807434,0.3944444358348846,0.3799999952316284
200.0,902.1740543842316,0.3944444358348846,0.3799999952316284
201.0,905.903563261032,0.3944444358348846,0.3799999952316284
202.0,909.7029070854186,0.3944444358348846,0.3799999952316284
203.0,913.479881763458,0.3944444358348846,0.3799999952316284
204.0,917.4283497333524,0.3944444358348846,0.3799999952316284
205.0,921.3739125728604,0.3944444358348846,0.3799999952316284
206.0,925.2012042999264,0.3944444358348846,0.3799999952316284
207.0,929.1105964183804,0.3944444358348846,0.3799999952316284
208.0,932.9468426704404,0.3944444358348846,0.3799999952316284
209.0,936.752369880676,0.3944444358348846,0.3799999952316284
210.0,940.5450708866116,0.3944444358348846,0.3799999952316284
211.0,944.3644628524776,0.3944444358348846,0.3799999952316284
212.0,948.2443587779994,0.3944444358348846,0.3799999952316284
213.0,952.6022865772244,0.3944444358348846,0.3799999952316284
214.0,957.290923118591,0.3944444358348846,0.3799999952316284
215.0,961.9711258411404,0.3944444358348846,0.3799999952316284
216.0,966.742048501968,0.3944444358348846,0.3799999952316284
217.0,971.48433804512,0.3944444358348846,0.3799999952316284
218.0,976.11129450798,0.3944444358348846,0.3799999952316284
219.0,980.74104309082,0.3944444358348846,0.3799999952316284
220.0,985.4075179100032,0.3944444358348846,0.3799999952316284
221.0,989.9563362598416,0.3944444358348846,0.3799999952316284
222.0,994.5305376052852,0.3944444358348846,0.3799999952316284
223.0,999.0971305370326,0.3944444358348846,0.3799999952316284
224.0,1003.7061016559596,0.3944444358348846,0.3799999952316284
225.0,1008.4354360103604,0.3944444358348846,0.3799999952316284
226.0,1012.9860641956326,0.3944444358348846,0.3799999952316284
227.0,1017.6135811805722,0.3944444358348846,0.3799999952316284
228.0,1022.2342402935024,0.3944444358348846,0.3799999952316284
229.0,1026.9441847801204,0.3944444358348846,0.3799999952316284
230.0,1031.589668989181,0.3944444358348846,0.3799999952316284
231.0,1036.325678825378,0.3944444358348846,0.3799999952316284
232.0,1041.3863811492915,0.3944444358348846,0.3799999952316284
233.0,1046.0270082950587,0.3944444358348846,0.3799999952316284
234.0,1050.7323157787318,0.3944444358348846,0.3799999952316284
235.0,1055.4170937538142,0.3944444358348846,0.3799999952316284
236.0,1060.1134958267207,0.3944444358348846,0.3799999952316284
237.0,1064.8187553882594,0.3944444358348846,0.3799999952316284
238.0,1069.5103926658626,0.3944444358348846,0.3799999952316284
239.0,1074.2093102931972,0.3944444358348846,0.3799999952316284
240.0,1078.908594846725,0.3944444358348846,0.3799999952316284
241.0,1083.6352057456966,0.3944444358348846,0.3799999952316284
242.0,1088.333807468414,0.3944444358348846,0.3799999952316284
243.0,1093.0765624046323,0.3944444358348846,0.3799999952316284
244.0,1099.5970530509946,0.4233333468437195,0.3899999856948852
245.0,1104.314348220825,0.4233333468437195,0.3899999856948852
246.0,1109.0388169288633,0.4233333468437195,0.3899999856948852
247.0,1114.589234113693,0.4233333468437195,0.3899999856948852
248.0,1121.1898295879362,0.425555557012558,0.3899999856948852
249.0,1126.1127924919126,0.425555557012558,0.3899999856948852
250.0,1130.984391927719,0.425555557012558,0.3899999856948852
251.0,1137.2286040782926,0.425555557012558,0.3899999856948852
252.0,1142.0116372108455,0.425555557012558,0.3899999856948852
253.0,1146.7889356613157,0.425555557012558,0.3899999856948852
254.0,1151.5912814140318,0.425555557012558,0.3899999856948852
255.0,1156.4524788856504,0.425555557012558,0.3899999856948852
256.0,1161.2201583385463,0.425555557012558,0.3899999856948852
257.0,1166.080520868301,0.425555557012558,0.3899999856948852
258.0,1170.8994913101192,0.425555557012558,0.3899999856948852
259.0,1175.999147176742,0.425555557012558,0.3899999856948852
260.0,1181.6063222885127,0.425555557012558,0.3899999856948852
261.0,1186.9374563693996,0.425555557012558,0.3899999856948852
262.0,1192.047557353973,0.425555557012558,0.3899999856948852
263.0,1197.049224376678,0.425555557012558,0.3899999856948852
264.0,1202.1132652759547,0.425555557012558,0.3899999856948852
265.0,1207.7327845096584,0.425555557012558,0.3899999856948852
266.0,1212.8980178833003,0.425555557012558,0.3899999856948852
267.0,1217.9825730323787,0.425555557012558,0.3899999856948852
268.0,1222.9318988323207,0.425555557012558,0.3899999856948852
269.0,1227.8700001239772,0.425555557012558,0.3899999856948852
270.0,1233.5504937171931,0.425555557012558,0.3899999856948852
271.0,1240.2340786457055,0.4266666769981384,0.3899999856948852
272.0,1245.382347106933,0.4266666769981384,0.3899999856948852
273.0,1250.51604938507,0.4266666769981384,0.3899999856948852
274.0,1258.0387592315665,0.4266666769981384,0.3899999856948852
275.0,1263.1767790317526,0.4266666769981384,0.3899999856948852
276.0,1268.379944562911,0.4266666769981384,0.3899999856948852
277.0,1273.4764478206623,0.4266666769981384,0.3899999856948852
278.0,1278.5024507045734,0.4266666769981384,0.3899999856948852
279.0,1284.367111444472,0.4266666769981384,0.3899999856948852
280.0,1289.2790102958666,0.4266666769981384,0.3899999856948852
281.0,1294.212944746016,0.4266666769981384,0.3899999856948852
282.0,1299.0847883224474,0.4266666769981384,0.3899999856948852
283.0,1304.072431325911,0.4266666769981384,0.3899999856948852
284.0,1308.9200584888445,0.4266666769981384,0.3899999856948852
285.0,1314.2219748496996,0.4266666769981384,0.3899999856948852
286.0,1323.032220125197,0.4266666769981384,0.3899999856948852
287.0,1327.8890151977523,0.4266666769981384,0.3899999856948852
288.0,1333.0290458202346,0.4266666769981384,0.3899999856948852
289.0,1339.460057497023,0.4266666769981384,0.3899999856948852
290.0,1345.9838471412645,0.4266666769981384,0.3899999856948852
291.0,1352.4902389049516,0.4266666769981384,0.3899999856948852
292.0,1358.4577503204332,0.4266666769981384,0.3899999856948852
293.0,1364.2546434402452,0.4266666769981384,0.3899999856948852
294.0,1370.1058573722826,0.4266666769981384,0.3899999856948852
295.0,1375.917282581328,0.4266666769981384,0.3899999856948852
296.0,1381.8472123146043,0.4266666769981384,0.3899999856948852
297.0,1387.845675706862,0.4266666769981384,0.3899999856948852
298.0,1393.6110844612108,0.4266666769981384,0.3899999856948852
299.0,1399.0328814983354,0.4266666769981384,0.3899999856948852
300.0,1404.776885271071,0.4266666769981384,0.3899999856948852
301.0,1410.2979860305772,0.4266666769981384,0.3899999856948852
302.0,1415.3951420783983,0.4266666769981384,0.3899999856948852
303.0,1420.4299407005296,0.4266666769981384,0.3899999856948852
304.0,1425.7190401554094,0.4266666769981384,0.3899999856948852
305.0,1430.8482816219316,0.4266666769981384,0.3899999856948852
306.0,1436.4219005107866,0.4266666769981384,0.3899999856948852
307.0,1441.6583299636827,0.4266666769981384,0.3899999856948852
308.0,1447.0713467597948,0.4266666769981384,0.3899999856948852
309.0,1452.214573860167,0.4266666769981384,0.3899999856948852
310.0,1457.187065839766,0.4266666769981384,0.3899999856948852
311.0,1462.175482511519,0.4266666769981384,0.3899999856948852
312.0,1468.6851778030382,0.4277777671813965,0.3899999856948852
313.0,1473.7890982627855,0.4277777671813965,0.3899999856948852
314.0,1478.898889303206,0.4277777671813965,0.3899999856948852
315.0,1484.0490446090685,0.4277777671813965,0.3899999856948852
316.0,1489.251032352446,0.4277777671813965,0.3899999856948852
317.0,1494.4334692955,0.4277777671813965,0.3899999856948852
318.0,1499.6648445129376,0.4277777671813965,0.3899999856948852
319.0,1505.0686275958997,0.4277777671813965,0.3899999856948852
320.0,1510.2284042835215,0.4277777671813965,0.3899999856948852
321.0,1515.1223912239054,0.4277777671813965,0.3899999856948852
322.0,1522.1047332286814,0.4277777671813965,0.3899999856948852
323.0,1526.810248851774,0.4277777671813965,0.3899999856948852
324.0,1531.403921365736,0.4277777671813965,0.3899999856948852
325.0,1536.0203943252543,0.4277777671813965,0.3899999856948852
326.0,1542.3365137577036,0.4277777671813965,0.3899999856948852
327.0,1547.0464038848856,0.4277777671813965,0.3899999856948852
328.0,1551.757443189619,0.4277777671813965,0.3899999856948852
329.0,1556.3313241004923,0.4277777671813965,0.3899999856948852
330.0,1560.7250926494578,0.4277777671813965,0.3899999856948852
331.0,1566.123079061506,0.4277777671813965,0.3899999856948852
332.0,1571.6937408447243,0.4277777671813965,0.3899999856948852
333.0,1577.0629866123177,0.4277777671813965,0.3899999856948852
334.0,1582.4730315208412,0.4277777671813965,0.3899999856948852
335.0,1587.8518736362437,0.4277777671813965,0.3899999856948852
336.0,1593.2484583854657,0.4277777671813965,0.3899999856948852
337.0,1598.6496598720532,0.4277777671813965,0.3899999856948852
338.0,1604.066990852354,0.4277777671813965,0.3899999856948852
339.0,1609.5505650043467,0.4277777671813965,0.3899999856948852
340.0,1615.0127260684949,0.4277777671813965,0.3899999856948852
341.0,1620.4844422340375,0.4277777671813965,0.3899999856948852
342.0,1625.9332945346814,0.4277777671813965,0.3899999856948852
343.0,1631.3739869594556,0.4277777671813965,0.3899999856948852
344.0,1636.8512203693372,0.4277777671813965,0.3899999856948852
345.0,1642.2472257614118,0.4277777671813965,0.3899999856948852
346.0,1648.255878686903,0.4288888871669769,0.4000000059604645
347.0,1653.688242197035,0.4288888871669769,0.4000000059604645
348.0,1659.138129949568,0.4288888871669769,0.4000000059604645
349.0,1664.7133967876418,0.4288888871669769,0.4000000059604645
350.0,1670.1723434925063,0.4288888871669769,0.4000000059604645
351.0,1675.6546669006332,0.4288888871669769,0.4000000059604645
352.0,1681.1629495620712,0.4288888871669769,0.4000000059604645
353.0,1686.670030117033,0.4288888871669769,0.4000000059604645
354.0,1692.3749988079053,0.4288888871669769,0.4000000059604645
355.0,1697.9429137706738,0.4288888871669769,0.4000000059604645
356.0,1703.432652950285,0.4288888871669769,0.4000000059604645
357.0,1708.7889139652234,0.4288888871669769,0.4000000059604645
358.0,1714.4160420894605,0.4288888871669769,0.4000000059604645
359.0,1720.0828692913035,0.4288888871669769,0.4000000059604645
360.0,1725.6845605373362,0.4288888871669769,0.4000000059604645
361.0,1731.1897509098033,0.4288888871669769,0.4000000059604645
362.0,1736.5382516384104,0.4288888871669769,0.4000000059604645
363.0,1742.0464854240397,0.4288888871669769,0.4000000059604645
364.0,1747.5123553276042,0.4288888871669769,0.4000000059604645
365.0,1752.9542818069438,0.4288888871669769,0.4000000059604645
366.0,1758.430308818815,0.4288888871669769,0.4000000059604645
367.0,1763.9420115947703,0.4288888871669769,0.4000000059604645
368.0,1769.4712407588938,0.4288888871669769,0.4000000059604645
369.0,1775.6015775203684,0.4288888871669769,0.4000000059604645
370.0,1781.2990872859934,0.4288888871669769,0.4000000059604645
371.0,1786.8328416347483,0.4288888871669769,0.4000000059604645
372.0,1792.4452590942362,0.4288888871669769,0.4000000059604645
373.0,1797.952731847761,0.4288888871669769,0.4000000059604645
374.0,1803.493312120436,0.4288888871669769,0.4000000059604645
375.0,1809.005636930464,0.4288888871669769,0.4000000059604645
376.0,1814.517420768736,0.4288888871669769,0.4000000059604645
377.0,1820.072964906691,0.4288888871669769,0.4000000059604645
378.0,1825.2233607769,0.4288888871669769,0.4000000059604645
379.0,1830.1944160461408,0.4288888871669769,0.4000000059604645
380.0,1835.29646539688,0.4288888871669769,0.4000000059604645
381.0,1840.3354001045216,0.4288888871669769,0.4000000059604645
382.0,1845.2494301795948,0.4288888871669769,0.4000000059604645
383.0,1850.2550029754627,0.4288888871669769,0.4000000059604645
384.0,1855.322298288344,0.4288888871669769,0.4000000059604645
385.0,1860.4155189990984,0.4288888871669769,0.4000000059604645
386.0,1865.351069450377,0.4288888871669769,0.4000000059604645
387.0,1870.4027597904192,0.4288888871669769,0.4000000059604645
388.0,1875.4202554225908,0.4288888871669769,0.4000000059604645
389.0,1880.3832724094373,0.4288888871669769,0.4000000059604645
390.0,1886.193015813826,0.4288888871669769,0.4000000059604645
391.0,1892.1176574230176,0.4288888871669769,0.4000000059604645
392.0,1897.911916494368,0.4288888871669769,0.4000000059604645
393.0,1903.743601083754,0.4288888871669769,0.4000000059604645
394.0,1910.817935943602,0.4288888871669769,0.4000000059604645
395.0,1918.3770577907544,0.4288888871669769,0.4000000059604645
396.0,1925.104910373686,0.4288888871669769,0.4000000059604645
397.0,1931.561028480528,0.4288888871669769,0.4000000059604645
398.0,1938.3282611370068,0.4288888871669769,0.4000000059604645
399.0,1944.6479947566968,0.4288888871669769,0.4000000059604645
400.0,1951.4986226558667,0.4288888871669769,0.4000000059604645
401.0,1958.1410639286023,0.4288888871669769,0.4000000059604645
402.0,1964.634754896162,0.4288888871669769,0.4000000059604645
403.0,1973.044360399244,0.4288888871669769,0.4000000059604645
404.0,1979.8088436126689,0.4288888871669769,0.4000000059604645
405.0,1986.3645384311656,0.4288888871669769,0.4000000059604645
406.0,1992.6865892410256,0.4288888871669769,0.4000000059604645
407.0,1998.6702499389623,0.4288888871669769,0.4000000059604645
408.0,2004.8220241069769,0.4288888871669769,0.4000000059604645
409.0,2011.20291996002,0.4288888871669769,0.4000000059604645
410.0,2017.277863979337,0.4288888871669769,0.4000000059604645
411.0,2023.1304521560644,0.4288888871669769,0.4000000059604645
412.0,2028.956134319303,0.4288888871669769,0.4000000059604645
413.0,2034.788312435148,0.4288888871669769,0.4000000059604645
414.0,2040.6448259353613,0.4288888871669769,0.4000000059604645
415.0,2047.320470333097,0.4288888871669769,0.4000000059604645
416.0,2053.461604595182,0.4288888871669769,0.4000000059604645
417.0,2059.466071367261,0.4288888871669769,0.4000000059604645
418.0,2065.645913600919,0.4288888871669769,0.4000000059604645
419.0,2071.618033885953,0.4288888871669769,0.4000000059604645
420.0,2077.67221689224,0.4288888871669769,0.4000000059604645
421.0,2083.682365417478,0.4288888871669769,0.4000000059604645
422.0,2089.709925174711,0.4288888871669769,0.4000000059604645
423.0,2095.743202924726,0.4288888871669769,0.4000000059604645
424.0,2101.7868120670296,0.4288888871669769,0.4000000059604645
425.0,2107.848902940748,0.4288888871669769,0.4000000059604645
426.0,2114.0164210796333,0.4288888871669769,0.4000000059604645
427.0,2120.1585137844063,0.4288888871669769,0.4000000059604645
428.0,2126.3150548934914,0.4288888871669769,0.4000000059604645
429.0,2132.422393798826,0.4288888871669769,0.4000000059604645
430.0,2138.5555531978584,0.4288888871669769,0.4000000059604645
431.0,2143.5306797027565,0.4288888871669769,0.4000000059604645
432.0,2148.7347648143746,0.4288888871669769,0.4000000059604645
433.0,2153.722328186033,0.4288888871669769,0.4000000059604645
434.0,2158.6843953132607,0.4288888871669769,0.4000000059604645
435.0,2163.670193672178,0.4288888871669769,0.4000000059604645
436.0,2168.769770383833,0.4288888871669769,0.4000000059604645
437.0,2176.304422616957,0.4288888871669769,0.4000000059604645
438.0,2181.5918703079205,0.4288888871669769,0.4000000059604645
439.0,2186.7627596855145,0.4288888871669769,0.4000000059604645
440.0,2191.88450360298,0.4288888871669769,0.4000000059604645
441.0,2197.235533714293,0.4288888871669769,0.4000000059604645
442.0,2203.6998550891863,0.4288888871669769,0.4000000059604645
443.0,2210.014474391936,0.4288888871669769,0.4000000059604645
444.0,2216.3046350479112,0.4288888871669769,0.4000000059604645
445.0,2222.627913713454,0.4288888871669769,0.4000000059604645
446.0,2228.984183788298,0.4288888871669769,0.4000000059604645
447.0,2235.3844797611223,0.4288888871669769,0.4000000059604645
448.0,2241.8169682025896,0.4288888871669769,0.4000000059604645
449.0,2248.247740745543,0.4288888871669769,0.4000000059604645
450.0,2254.6301355361925,0.4288888871669769,0.4000000059604645
451.0,2260.9746315479265,0.4288888871669769,0.4000000059604645
452.0,2267.4695153236376,0.4288888871669769,0.4000000059604645
453.0,2275.69503378868,0.4288888871669769,0.4000000059604645
454.0,2282.510051727294,0.4288888871669769,0.4000000059604645
455.0,2288.94427537918,0.4288888871669769,0.4000000059604645
456.0,2295.6060926914206,0.4288888871669769,0.4000000059604645
457.0,2301.938161373137,0.4288888871669769,0.4000000059604645
458.0,2308.4339864253984,0.4288888871669769,0.4000000059604645
459.0,2314.6807157993303,0.4288888871669769,0.4000000059604645
460.0,2320.983572006224,0.4288888871669769,0.4000000059604645
461.0,2327.275993824004,0.4288888871669769,0.4000000059604645
462.0,2333.516484737396,0.4288888871669769,0.4000000059604645
463.0,2339.7828116416927,0.4288888871669769,0.4000000059604645
464.0,2345.980313539505,0.4288888871669769,0.4000000059604645
465.0,2352.460773706436,0.4288888871669769,0.4000000059604645
466.0,2358.9375445842743,0.4288888871669769,0.4000000059604645
467.0,2365.272972345352,0.4288888871669769,0.4000000059604645
468.0,2376.2073402404785,0.4288888871669769,0.4000000059604645
469.0,2382.559792280197,0.4288888871669769,0.4000000059604645
470.0,2389.418390989304,0.4288888871669769,0.4000000059604645
471.0,2395.8058114051823,0.4288888871669769,0.4000000059604645
472.0,2402.148526668549,0.4288888871669769,0.4000000059604645
473.0,2408.59257555008,0.4288888871669769,0.4000000059604645
474.0,2417.75989151001,0.4288888871669769,0.4000000059604645
475.0,2424.197484016419,0.4288888871669769,0.4000000059604645
476.0,2430.6436917781834,0.4288888871669769,0.4000000059604645
477.0,2437.125661849976,0.4288888871669769,0.4000000059604645
478.0,2443.546379089356,0.4288888871669769,0.4000000059604645
479.0,2450.060203790665,0.4288888871669769,0.4000000059604645
480.0,2456.4506738185887,0.4288888871669769,0.4000000059604645
481.0,2462.8557808399205,0.4288888871669769,0.4000000059604645
482.0,2468.8864848613744,0.4288888871669769,0.4000000059604645
483.0,2474.9444611072545,0.4288888871669769,0.4000000059604645
484.0,2482.8135988712315,0.4288888871669769,0.4000000059604645
485.0,2489.7818901538853,0.4288888871669769,0.4000000059604645
486.0,2496.1064791679387,0.4288888871669769,0.4000000059604645
487.0,2502.4978022575383,0.4288888871669769,0.4000000059604645
488.0,2508.913839817048,0.4288888871669769,0.4000000059604645
489.0,2515.3285682201395,0.4288888871669769,0.4000000059604645
490.0,2521.702752828599,0.4288888871669769,0.4000000059604645
491.0,2529.5410022735605,0.4288888871669769,0.4000000059604645
492.0,2536.740576982499,0.4288888871669769,0.4000000059604645
493.0,2543.925207376481,0.4288888871669769,0.4000000059604645
494.0,2550.936344385148,0.4288888871669769,0.4000000059604645
495.0,2558.106228828431,0.4288888871669769,0.4000000059604645
496.0,2565.0289425849924,0.4288888871669769,0.4000000059604645
497.0,2571.8737201690683,0.4288888871669769,0.4000000059604645
498.0,2578.7201948165903,0.4288888871669769,0.4000000059604645
499.0,2585.644306421281,0.4288888871669769,0.4000000059604645
500.0,2592.719357013704,0.4288888871669769,0.4000000059604645
501.0,2599.792980194093,0.4288888871669769,0.4000000059604645
502.0,2606.739186048509,0.4288888871669769,0.4000000059604645
503.0,2613.674529075624,0.4288888871669769,0.4000000059604645
504.0,2620.8248775005354,0.4288888871669769,0.4000000059604645
505.0,2627.842487812044,0.4288888871669769,0.4000000059604645
506.0,2634.8869194984454,0.4288888871669769,0.4000000059604645
507.0,2644.4133365154285,0.4288888871669769,0.4000000059604645
508.0,2651.4657192230243,0.4288888871669769,0.4000000059604645
509.0,2658.7874693870563,0.4288888871669769,0.4000000059604645
510.0,2665.919138431551,0.4288888871669769,0.4000000059604645
511.0,2673.063790798189,0.4288888871669769,0.4000000059604645
512.0,2680.2703087329883,0.4288888871669769,0.4000000059604645
513.0,2687.4611909389514,0.4288888871669769,0.4000000059604645
514.0,2697.9374015331287,0.4288888871669769,0.4000000059604645
515.0,2705.2054777145404,0.4288888871669769,0.4000000059604645
516.0,2712.3775017261523,0.4288888871669769,0.4000000059604645
517.0,2719.569591999056,0.4288888871669769,0.4000000059604645
518.0,2726.750433683397,0.4288888871669769,0.4000000059604645
519.0,2733.90322327614,0.4288888871669769,0.4000000059604645
520.0,2741.118061065676,0.4288888871669769,0.4000000059604645
521.0,2748.306640386584,0.4288888871669769,0.4000000059604645
522.0,2755.528907060626,0.4288888871669769,0.4000000059604645
523.0,2762.9534118175534,0.4288888871669769,0.4000000059604645
524.0,2769.734804868701,0.4288888871669769,0.4000000059604645
525.0,2778.925002336505,0.4288888871669769,0.4000000059604645
526.0,2785.258582353594,0.4288888871669769,0.4000000059604645
527.0,2791.53477239609,0.4288888871669769,0.4000000059604645
528.0,2797.692160844805,0.4288888871669769,0.4000000059604645
529.0,2803.764092445376,0.4288888871669769,0.4000000059604645
530.0,2809.922195672991,0.4288888871669769,0.4000000059604645
531.0,2816.1461369991325,0.4288888871669769,0.4000000059604645
532.0,2822.407406806948,0.4288888871669769,0.4000000059604645
533.0,2830.004174232485,0.4288888871669769,0.4000000059604645
534.0,2837.0900089740776,0.4288888871669769,0.4000000059604645
535.0,2844.2459168434166,0.4288888871669769,0.4000000059604645
536.0,2851.41996264458,0.4288888871669769,0.4000000059604645
537.0,2858.421642065051,0.4288888871669769,0.4000000059604645
538.0,2865.4604611396817,0.4288888871669769,0.4000000059604645
539.0,2872.4485657215146,0.4288888871669769,0.4000000059604645
540.0,2879.9030089378384,0.4288888871669769,0.4000000059604645
541.0,2886.933743000033,0.4288888871669769,0.4000000059604645
542.0,2894.0369558334373,0.4288888871669769,0.4000000059604645
543.0,2901.1219522953056,0.4288888871669769,0.4000000059604645
544.0,2908.1730327606224,0.4288888871669769,0.4000000059604645
545.0,2915.301079273226,0.4288888871669769,0.4000000059604645
546.0,2922.461163043978,0.4288888871669769,0.4000000059604645
547.0,2929.702023983004,0.4288888871669769,0.4000000059604645
548.0,2937.0458228588127,0.4288888871669769,0.4000000059604645
549.0,2944.2361743450188,0.4288888871669769,0.4000000059604645
550.0,2951.4062409400963,0.4288888871669769,0.4000000059604645
551.0,2958.5673952102684,0.4288888871669769,0.4000000059604645
552.0,2965.704992294314,0.4288888871669769,0.4000000059604645
553.0,2972.8636231422447,0.4288888871669769,0.4000000059604645
554.0,2980.074325084689,0.4288888871669769,0.4000000059604645
555.0,2987.227780818942,0.4288888871669769,0.4000000059604645
556.0,2994.728189945224,0.4288888871669769,0.4000000059604645
557.0,3001.940228700641,0.4288888871669769,0.4000000059604645
558.0,3009.182583332065,0.4288888871669769,0.4000000059604645
559.0,3016.488751411441,0.4288888871669769,0.4000000059604645
560.0,3023.7173683643373,0.4288888871669769,0.4000000059604645
561.0,3031.084795713428,0.4288888871669769,0.4000000059604645
562.0,3038.265846014026,0.4288888871669769,0.4000000059604645
563.0,3045.384621143344,0.4288888871669769,0.4000000059604645
564.0,3053.074871778491,0.4288888871669769,0.4000000059604645
565.0,3060.4057064056424,0.4288888871669769,0.4000000059604645
566.0,3067.822812080386,0.4288888871669769,0.4000000059604645
567.0,3074.6321239471463,0.4288888871669769,0.4000000059604645
568.0,3081.316454172137,0.4288888871669769,0.4000000059604645
569.0,3088.11607718468,0.4288888871669769,0.4000000059604645
570.0,3094.818278074268,0.4288888871669769,0.4000000059604645
571.0,3101.545526981357,0.4288888871669769,0.4000000059604645
572.0,3108.453998565677,0.4288888871669769,0.4000000059604645
573.0,3115.2557849884065,0.4288888871669769,0.4000000059604645
574.0,3122.166655778888,0.4288888871669769,0.4000000059604645
575.0,3129.307394027713,0.4288888871669769,0.4000000059604645
576.0,3137.2480547428163,0.4288888871669769,0.4000000059604645
577.0,3144.797958135608,0.4288888871669769,0.4000000059604645
578.0,3152.3714752197297,0.4288888871669769,0.4000000059604645
579.0,3159.97340679169,0.4288888871669769,0.4000000059604645
580.0,3167.719948053363,0.4288888871669769,0.4000000059604645
581.0,3175.525213479999,0.4288888871669769,0.4000000059604645
582.0,3183.2333302497896,0.4288888871669769,0.4000000059604645
583.0,3190.902581691745,0.4288888871669769,0.4000000059604645
584.0,3201.956724882129,0.4288888871669769,0.4000000059604645
585.0,3209.49660778046,0.4288888871669769,0.4000000059604645
586.0,3217.0572524070776,0.4288888871669769,0.4000000059604645
587.0,3224.855952739719,0.4288888871669769,0.4000000059604645
588.0,3232.59685301781,0.4288888871669769,0.4000000059604645
589.0,3240.1934611797365,0.4288888871669769,0.4000000059604645
590.0,3247.863901615146,0.4288888871669769,0.4000000059604645
591.0,3255.497449398044,0.4288888871669769,0.4000000059604645
592.0,3263.152342081073,0.4288888871669769,0.4000000059604645
593.0,3270.862410783771,0.4288888871669769,0.4000000059604645
594.0,3278.6104772090944,0.4288888871669769,0.4000000059604645
595.0,3286.5545852184327,0.4288888871669769,0.4000000059604645
596.0,3294.309434413913,0.4288888871669769,0.4000000059604645
597.0,3302.101383686069,0.4288888871669769,0.4000000059604645
598.0,3309.9387648105653,0.4288888871669769,0.4000000059604645
599.0,3317.6981348991426,0.4288888871669769,0.4000000059604645
600.0,3325.476945400241,0.4288888871669769,0.4000000059604645
601.0,3333.289812564853,0.4288888871669769,0.4000000059604645
602.0,3341.2697594165834,0.4288888871669769,0.4000000059604645
603.0,3349.1147491931947,0.4288888871669769,0.4000000059604645
604.0,3356.986556053165,0.4288888871669769,0.4000000059604645
605.0,3364.4755785465272,0.4288888871669769,0.4000000059604645
606.0,3371.601387023929,0.4288888871669769,0.4000000059604645
607.0,3378.6995420455964,0.4288888871669769,0.4000000059604645
608.0,3385.85102272034,0.4288888871669769,0.4000000059604645
609.0,3392.999490261081,0.4288888871669769,0.4000000059604645
610.0,3400.279999971393,0.4288888871669769,0.4000000059604645
611.0,3407.502671480182,0.4288888871669769,0.4000000059604645
612.0,3414.6649127006563,0.4288888871669769,0.4000000059604645
613.0,3422.271233081821,0.4288888871669769,0.4000000059604645
614.0,3430.8138945102723,0.4288888871669769,0.4000000059604645
615.0,3438.60190701485,0.4288888871669769,0.4000000059604645
616.0,3446.403857946399,0.4288888871669769,0.4000000059604645
617.0,3454.3677129745515,0.4288888871669769,0.4000000059604645
618.0,3462.627228975299,0.4288888871669769,0.4000000059604645
619.0,3470.783449888233,0.4288888871669769,0.4000000059604645
620.0,3478.670837163929,0.4288888871669769,0.4000000059604645
621.0,3486.5891985893286,0.4288888871669769,0.4000000059604645
622.0,3495.4975531101263,0.4288888871669769,0.4000000059604645
623.0,3503.4509639740027,0.4288888871669769,0.4000000059604645
624.0,3511.53091168404,0.4288888871669769,0.4000000059604645
625.0,3519.664666175846,0.4288888871669769,0.4000000059604645
626.0,3527.736307382588,0.4288888871669769,0.4000000059604645
627.0,3537.812985420231,0.4288888871669769,0.4000000059604645
628.0,3545.871489286427,0.4288888871669769,0.4000000059604645
629.0,3553.879075050358,0.4288888871669769,0.4000000059604645
630.0,3561.8617231845897,0.4288888871669769,0.4000000059604645
631.0,3569.988769054417,0.4288888871669769,0.4000000059604645
632.0,3578.197855949406,0.4288888871669769,0.4000000059604645
633.0,3586.1783607006114,0.4288888871669769,0.4000000059604645
634.0,3594.1711263656657,0.4288888871669769,0.4000000059604645
635.0,3603.048625469212,0.4288888871669769,0.4000000059604645
636.0,3612.2632339000734,0.4288888871669769,0.4000000059604645
637.0,3621.4118003845247,0.4288888871669769,0.4000000059604645
638.0,3630.689753770832,0.4288888871669769,0.4000000059604645
639.0,3640.046448230747,0.4288888871669769,0.4000000059604645
640.0,3648.725864887241,0.4288888871669769,0.4000000059604645
641.0,3656.842212915424,0.4288888871669769,0.4000000059604645
642.0,3664.788394451145,0.4288888871669769,0.4000000059604645
643.0,3673.1112318038977,0.4288888871669769,0.4000000059604645
644.0,3681.2121655941046,0.4288888871669769,0.4000000059604645
645.0,3689.4547784328497,0.4288888871669769,0.4000000059604645
646.0,3697.751154184345,0.4288888871669769,0.4000000059604645
647.0,3705.8832163810766,0.4288888871669769,0.4000000059604645
648.0,3713.916294574741,0.4288888871669769,0.4000000059604645
649.0,3721.560334682468,0.4288888871669769,0.4000000059604645
650.0,3729.091782808307,0.4288888871669769,0.4000000059604645
651.0,3736.6227922439607,0.4288888871669769,0.4000000059604645
652.0,3744.264839649204,0.4288888871669769,0.4000000059604645
653.0,3752.125461578373,0.4288888871669769,0.4000000059604645
654.0,3759.966302871708,0.4288888871669769,0.4000000059604645
655.0,3767.6822941303294,0.4288888871669769,0.4000000059604645
656.0,3776.144894599919,0.4288888871669769,0.4000000059604645
657.0,3788.982927322392,0.4288888871669769,0.4000000059604645
658.0,3797.865906953816,0.4288888871669769,0.4000000059604645
659.0,3806.80648040772,0.4288888871669769,0.4000000059604645
660.0,3815.820640802389,0.4288888871669769,0.4000000059604645
661.0,3825.1631731987054,0.4288888871669769,0.4000000059604645
662.0,3834.392207860952,0.4288888871669769,0.4000000059604645
663.0,3843.634111642843,0.4288888871669769,0.4000000059604645
664.0,3853.04598999024,0.4288888871669769,0.4000000059604645
665.0,3862.591234683996,0.4288888871669769,0.4000000059604645
666.0,3872.2668094635055,0.4288888871669769,0.4000000059604645
667.0,3881.839904308324,0.4288888871669769,0.4000000059604645
668.0,3891.539161682134,0.4288888871669769,0.4000000059604645
669.0,3901.062449932104,0.4288888871669769,0.4000000059604645
670.0,3910.44956016541,0.4288888871669769,0.4000000059604645
671.0,3920.0412743091633,0.4288888871669769,0.4000000059604645
672.0,3930.9969465732624,0.4288888871669769,0.4000000059604645
673.0,3943.389037132268,0.4288888871669769,0.4000000059604645
674.0,3954.3503534793904,0.4288888871669769,0.4000000059604645
675.0,3965.5021126270335,0.4288888871669769,0.4000000059604645
676.0,3978.506205081944,0.4288888871669769,0.4000000059604645
677.0,3989.872766017918,0.4288888871669769,0.4000000059604645
678.0,4001.27240800858,0.4288888871669769,0.4000000059604645
679.0,4012.773109912877,0.4288888871669769,0.4000000059604645
680.0,4023.433362483983,0.4288888871669769,0.4000000059604645
681.0,4033.7792239189193,0.4288888871669769,0.4000000059604645
682.0,4043.530966520314,0.4288888871669769,0.4000000059604645
683.0,4052.559357643132,0.4288888871669769,0.4000000059604645
684.0,4061.542790889745,0.4288888871669769,0.4000000059604645
685.0,4070.16714429856,0.4288888871669769,0.4000000059604645
686.0,4078.184481143957,0.4288888871669769,0.4000000059604645
687.0,4086.2218406200464,0.4288888871669769,0.4000000059604645
688.0,4094.4861078262384,0.4288888871669769,0.4000000059604645
689.0,4102.642494916921,0.4288888871669769,0.4000000059604645
690.0,4112.5273363590295,0.4288888871669769,0.4000000059604645
691.0,4120.6479718685205,0.4288888871669769,0.4000000059604645
692.0,4129.084260940557,0.4288888871669769,0.4000000059604645
693.0,4137.921120405203,0.4288888871669769,0.4000000059604645
694.0,4146.685117959982,0.4288888871669769,0.4000000059604645
695.0,4155.715265989309,0.4288888871669769,0.4000000059604645
696.0,4164.546594381338,0.4288888871669769,0.4000000059604645
697.0,4173.478552579885,0.4288888871669769,0.4000000059604645
698.0,4182.341525793081,0.4288888871669769,0.4000000059604645
699.0,4191.152622461324,0.4288888871669769,0.4000000059604645
700.0,4200.082283973699,0.4288888871669769,0.4000000059604645
701.0,4209.134848356252,0.4288888871669769,0.4000000059604645
702.0,4218.265882492071,0.4288888871669769,0.4000000059604645
703.0,4227.19132328034,0.4288888871669769,0.4000000059604645
704.0,4239.794774770742,0.4288888871669769,0.4000000059604645
705.0,4248.616108655935,0.4288888871669769,0.4000000059604645
706.0,4257.455739498144,0.4288888871669769,0.4000000059604645
707.0,4266.301503419882,0.4288888871669769,0.4000000059604645
708.0,4275.311589002615,0.4288888871669769,0.4000000059604645
709.0,4284.316735506063,0.4288888871669769,0.4000000059604645
710.0,4293.2771902084405,0.4288888871669769,0.4000000059604645
711.0,4302.335680484777,0.4288888871669769,0.4000000059604645
712.0,4311.222096920019,0.4288888871669769,0.4000000059604645
713.0,4320.167735099798,0.4288888871669769,0.4000000059604645
714.0,4329.2527191639,0.4288888871669769,0.4000000059604645
715.0,4338.501994609838,0.4288888871669769,0.4000000059604645
716.0,4347.676071166998,0.4288888871669769,0.4000000059604645
717.0,4363.519996643072,0.4288888871669769,0.4000000059604645
718.0,4372.748724937444,0.4288888871669769,0.4000000059604645
719.0,4381.807432889944,0.4288888871669769,0.4000000059604645
720.0,4390.955014705663,0.4288888871669769,0.4000000059604645
721.0,4399.924154043203,0.4288888871669769,0.4000000059604645
722.0,4408.390592575079,0.4288888871669769,0.4000000059604645
723.0,4416.845427751547,0.4288888871669769,0.4000000059604645
724.0,4425.25884532929,0.4288888871669769,0.4000000059604645
725.0,4433.715786695486,0.4288888871669769,0.4000000059604645
726.0,4442.200903415685,0.4288888871669769,0.4000000059604645
727.0,4450.824785947805,0.4288888871669769,0.4000000059604645
728.0,4460.104687929159,0.4288888871669769,0.4000000059604645
729.0,4469.442181348806,0.4288888871669769,0.4000000059604645
730.0,4478.728862762457,0.4288888871669769,0.4000000059604645
731.0,4488.0073831081445,0.4288888871669769,0.4000000059604645
732.0,4497.298324823385,0.4288888871669769,0.4000000059604645
733.0,4506.809703111654,0.4288888871669769,0.4000000059604645
734.0,4516.30448532105,0.4288888871669769,0.4000000059604645
735.0,4525.643501997,0.4288888871669769,0.4000000059604645
736.0,4535.046514272696,0.4288888871669769,0.4000000059604645
737.0,4544.403094530112,0.4288888871669769,0.4000000059604645
738.0,4553.763767957694,0.4288888871669769,0.4000000059604645
739.0,4563.282912731177,0.4288888871669769,0.4000000059604645
740.0,4572.771897792823,0.4288888871669769,0.4000000059604645
741.0,4582.20894694329,0.4288888871669769,0.4000000059604645
742.0,4591.673182725914,0.4288888871669769,0.4000000059604645
743.0,4601.3087828159405,0.4288888871669769,0.4000000059604645
744.0,4610.668402433403,0.4288888871669769,0.4000000059604645
745.0,4620.203001022346,0.4288888871669769,0.4000000059604645
746.0,4629.609229803093,0.4288888871669769,0.4000000059604645
747.0,4638.84231162072,0.4288888871669769,0.4000000059604645
748.0,4648.277111053474,0.4288888871669769,0.4000000059604645
749.0,4657.645518779762,0.4288888871669769,0.4000000059604645
750.0,4666.959344387062,0.4288888871669769,0.4000000059604645
751.0,4676.55402088166,0.4288888871669769,0.4000000059604645
752.0,4685.753966331489,0.4288888871669769,0.4000000059604645
753.0,4694.691806077964,0.4288888871669769,0.4000000059604645
754.0,4706.879761934288,0.4288888871669769,0.4000000059604645
755.0,4715.597285747535,0.4288888871669769,0.4000000059604645
756.0,4724.369812488563,0.4288888871669769,0.4000000059604645
757.0,4733.156154870994,0.4288888871669769,0.4000000059604645
758.0,4742.328875303276,0.4288888871669769,0.4000000059604645
759.0,4752.314621925361,0.4288888871669769,0.4000000059604645
760.0,4761.930052518852,0.4288888871669769,0.4000000059604645
761.0,4771.472927093513,0.4288888871669769,0.4000000059604645
762.0,4781.129850149162,0.4288888871669769,0.4000000059604645
763.0,4790.710766077049,0.4288888871669769,0.4000000059604645
764.0,4800.589967966087,0.4288888871669769,0.4000000059604645
765.0,4810.417091131218,0.4288888871669769,0.4000000059604645
766.0,4820.909606218345,0.4288888871669769,0.4000000059604645
767.0,4833.215290308006,0.4288888871669769,0.4000000059604645
768.0,4842.813933134086,0.4288888871669769,0.4000000059604645
769.0,4852.605681657798,0.4288888871669769,0.4000000059604645
770.0,4862.632577657707,0.4288888871669769,0.4000000059604645
771.0,4872.211369276054,0.4288888871669769,0.4000000059604645
772.0,4881.933864355095,0.4288888871669769,0.4000000059604645
773.0,4891.790303230293,0.4288888871669769,0.4000000059604645
774.0,4901.555615425117,0.4288888871669769,0.4000000059604645
775.0,4911.37184500695,0.4288888871669769,0.4000000059604645
776.0,4921.5501143932415,0.4288888871669769,0.4000000059604645
777.0,4931.570433378227,0.4288888871669769,0.4000000059604645
778.0,4942.146872282036,0.4288888871669769,0.4000000059604645
779.0,4952.218164920815,0.4288888871669769,0.4000000059604645
780.0,4962.18543243409,0.4288888871669769,0.4000000059604645
781.0,4972.28618288041,0.4288888871669769,0.4000000059604645
782.0,4982.451491594323,0.4288888871669769,0.4000000059604645
783.0,4992.497621059426,0.4288888871669769,0.4000000059604645
784.0,5002.377440452584,0.4288888871669769,0.4000000059604645
785.0,5011.741300106057,0.4288888871669769,0.4000000059604645
786.0,5021.139393806466,0.4288888871669769,0.4000000059604645
787.0,5030.776624441155,0.4288888871669769,0.4000000059604645
788.0,5040.244567394265,0.4288888871669769,0.4000000059604645
789.0,5049.675505399712,0.4288888871669769,0.4000000059604645
790.0,5059.286458492287,0.4288888871669769,0.4000000059604645
791.0,5070.095358133324,0.4288888871669769,0.4000000059604645
792.0,5080.661015987404,0.4288888871669769,0.4000000059604645
793.0,5091.244081974038,0.4288888871669769,0.4000000059604645
794.0,5101.880002021798,0.4288888871669769,0.4000000059604645
795.0,5112.060786962517,0.4288888871669769,0.4000000059604645
796.0,5122.287917613991,0.4288888871669769,0.4000000059604645
797.0,5132.639314889916,0.4288888871669769,0.4000000059604645
798.0,5142.80333638192,0.4288888871669769,0.4000000059604645
799.0,5153.057455062874,0.4288888871669769,0.4000000059604645
800.0,5163.36865210534,0.4288888871669769,0.4000000059604645
801.0,5173.669847011574,0.4288888871669769,0.4000000059604645
802.0,5184.190371513375,0.4288888871669769,0.4000000059604645
803.0,5194.351380348214,0.4288888871669769,0.4000000059604645
804.0,5204.634042739876,0.4288888871669769,0.4000000059604645
805.0,5214.94612932206,0.4288888871669769,0.4000000059604645
806.0,5225.18179798127,0.4288888871669769,0.4000000059604645
807.0,5235.607204914101,0.4288888871669769,0.4000000059604645
808.0,5248.550480127343,0.4288888871669769,0.4000000059604645
809.0,5258.963527441033,0.4288888871669769,0.4000000059604645
810.0,5269.34434199334,0.4288888871669769,0.4000000059604645
811.0,5279.814964294442,0.4288888871669769,0.4000000059604645
812.0,5290.144797086724,0.4288888871669769,0.4000000059604645
813.0,5303.551774501809,0.4288888871669769,0.4000000059604645
814.0,5313.905965328225,0.4288888871669769,0.4000000059604645
815.0,5324.535322427758,0.4288888871669769,0.4000000059604645
816.0,5334.363484382638,0.4288888871669769,0.4000000059604645
817.0,5344.025360584267,0.4288888871669769,0.4000000059604645
818.0,5353.692988395699,0.4288888871669769,0.4000000059604645
819.0,5363.324381113061,0.4288888871669769,0.4000000059604645
820.0,5372.966849565514,0.4288888871669769,0.4000000059604645
821.0,5382.911732673653,0.4288888871669769,0.4000000059604645
822.0,5393.5665986538015,0.4288888871669769,0.4000000059604645
823.0,5404.210316181191,0.4288888871669769,0.4000000059604645
824.0,5414.577950716027,0.4288888871669769,0.4000000059604645
825.0,5425.044871807107,0.4288888871669769,0.4000000059604645
826.0,5435.723710775384,0.4288888871669769,0.4000000059604645
827.0,5446.431289434441,0.4288888871669769,0.4000000059604645
828.0,5458.15560865403,0.4288888871669769,0.4000000059604645
829.0,5468.770934104928,0.4288888871669769,0.4000000059604645
830.0,5479.406243801125,0.4288888871669769,0.4000000059604645
831.0,5490.060933589944,0.4288888871669769,0.4000000059604645
832.0,5500.945270776758,0.4288888871669769,0.4000000059604645
833.0,5511.729049205789,0.4288888871669769,0.4000000059604645
834.0,5522.4159564972015,0.4288888871669769,0.4000000059604645
835.0,5533.587766885767,0.4288888871669769,0.4000000059604645
836.0,5544.548023700724,0.4288888871669769,0.4000000059604645
837.0,5555.708918333064,0.4288888871669769,0.4000000059604645
838.0,5566.851096868525,0.4288888871669769,0.4000000059604645
839.0,5577.92552280427,0.4288888871669769,0.4000000059604645
840.0,5588.932891607295,0.4288888871669769,0.4000000059604645
841.0,5600.165569782267,0.4288888871669769,0.4000000059604645
842.0,5611.283824205409,0.4288888871669769,0.4000000059604645
843.0,5624.330963850031,0.4288888871669769,0.4000000059604645
844.0,5635.508318424235,0.4288888871669769,0.4000000059604645
845.0,5646.61515545846,0.4288888871669769,0.4000000059604645
846.0,5657.240545511256,0.4288888871669769,0.4000000059604645
847.0,5667.4795241356,0.4288888871669769,0.4000000059604645
848.0,5677.764710664759,0.4288888871669769,0.4000000059604645
849.0,5688.290989637385,0.4288888871669769,0.4000000059604645
850.0,5698.482448339472,0.4288888871669769,0.4000000059604645
851.0,5708.716429948817,0.4288888871669769,0.4000000059604645
852.0,5720.335420846949,0.4288888871669769,0.4000000059604645
853.0,5731.831451177607,0.4288888871669769,0.4000000059604645
854.0,5743.110274553309,0.4288888871669769,0.4000000059604645
855.0,5754.191576242457,0.4288888871669769,0.4000000059604645
856.0,5765.313926696787,0.4288888871669769,0.4000000059604645
857.0,5776.004927873621,0.4288888871669769,0.4000000059604645
858.0,5786.823025941859,0.4288888871669769,0.4000000059604645
859.0,5797.844043970118,0.4288888871669769,0.4000000059604645
860.0,5808.81472492219,0.4288888871669769,0.4000000059604645
861.0,5819.797019004832,0.4288888871669769,0.4000000059604645
862.0,5830.797377109538,0.4288888871669769,0.4000000059604645
863.0,5841.757996082316,0.4288888871669769,0.4000000059604645
864.0,5852.759271621714,0.4288888871669769,0.4000000059604645
865.0,5863.729002952586,0.4288888871669769,0.4000000059604645
866.0,5874.66321015359,0.4288888871669769,0.4000000059604645
867.0,5885.51806139947,0.4288888871669769,0.4000000059604645
868.0,5896.379807472239,0.4288888871669769,0.4000000059604645
869.0,5907.565225362788,0.4288888871669769,0.4000000059604645
870.0,5918.485237836848,0.4288888871669769,0.4000000059604645
871.0,5929.505305767069,0.4288888871669769,0.4000000059604645
872.0,5940.4106912613015,0.4288888871669769,0.4000000059604645
873.0,5951.291125774394,0.4288888871669769,0.4000000059604645
874.0,5962.305166244517,0.4288888871669769,0.4000000059604645
875.0,5973.584456682215,0.4288888871669769,0.4000000059604645
876.0,5984.472672462473,0.4288888871669769,0.4000000059604645
877.0,5994.963806629191,0.4288888871669769,0.4000000059604645
878.0,6005.209456682215,0.4288888871669769,0.4000000059604645
879.0,6015.5593185424905,0.4288888871669769,0.4000000059604645
880.0,6028.34738945962,0.4288888871669769,0.4000000059604645
881.0,6038.727160930644,0.4288888871669769,0.4000000059604645
882.0,6049.300758361826,0.4288888871669769,0.4000000059604645
883.0,6061.187570810328,0.4288888871669769,0.4000000059604645
884.0,6072.445130586634,0.4288888871669769,0.4000000059604645
885.0,6083.8476259708505,0.4288888871669769,0.4000000059604645
886.0,6095.321875810633,0.4288888871669769,0.4000000059604645
887.0,6106.694203138361,0.4288888871669769,0.4000000059604645
888.0,6118.412690877924,0.4288888871669769,0.4000000059604645
889.0,6129.834405660639,0.4288888871669769,0.4000000059604645
890.0,6141.643315792094,0.4288888871669769,0.4000000059604645
891.0,6153.1131184101205,0.4288888871669769,0.4000000059604645
892.0,6164.820826292048,0.4288888871669769,0.4000000059604645
893.0,6176.275724411021,0.4288888871669769,0.4000000059604645
894.0,6187.78123664857,0.4288888871669769,0.4000000059604645
895.0,6199.385914325724,0.4288888871669769,0.4000000059604645
896.0,6210.991511583338,0.4288888871669769,0.4000000059604645
897.0,6222.711787223826,0.4288888871669769,0.4000000059604645
898.0,6234.285880088816,0.4288888871669769,0.4000000059604645
899.0,6245.920661687861,0.4288888871669769,0.4000000059604645
900.0,6257.650881767283,0.4288888871669769,0.4000000059604645
901.0,6269.617923021327,0.4288888871669769,0.4000000059604645
902.0,6281.242441654216,0.4288888871669769,0.4000000059604645
903.0,6292.427419662487,0.4288888871669769,0.4000000059604645
904.0,6303.5899844169735,0.4288888871669769,0.4000000059604645
905.0,6314.8908092975735,0.4288888871669769,0.4000000059604645
906.0,6326.209965705883,0.4288888871669769,0.4000000059604645
907.0,6337.544896125805,0.4288888871669769,0.4000000059604645
908.0,6349.944634199154,0.4288888871669769,0.4000000059604645
909.0,6361.723510503781,0.4288888871669769,0.4000000059604645
910.0,6373.605710506451,0.4288888871669769,0.4000000059604645
911.0,6385.419072151196,0.4288888871669769,0.4000000059604645
912.0,6397.296154260647,0.4288888871669769,0.4000000059604645
913.0,6408.97385287286,0.4288888871669769,0.4000000059604645
914.0,6420.894077539456,0.4288888871669769,0.4000000059604645
915.0,6432.7959983348965,0.4288888871669769,0.4000000059604645
916.0,6444.57495737077,0.4288888871669769,0.4000000059604645
917.0,6456.376133680355,0.4288888871669769,0.4000000059604645
918.0,6468.021618366253,0.4288888871669769,0.4000000059604645
919.0,6479.781293392193,0.4288888871669769,0.4000000059604645
920.0,6491.859184980404,0.4288888871669769,0.4000000059604645
921.0,6503.653258323681,0.4288888871669769,0.4000000059604645
922.0,6515.678349494946,0.4288888871669769,0.4000000059604645
923.0,6527.4201304912685,0.4288888871669769,0.4000000059604645
924.0,6539.333346843731,0.4288888871669769,0.4000000059604645
925.0,6551.493449926388,0.4288888871669769,0.4000000059604645
926.0,6563.392897844326,0.4288888871669769,0.4000000059604645
927.0,6575.694717645657,0.4288888871669769,0.4000000059604645
928.0,6587.89007663728,0.4288888871669769,0.4000000059604645
929.0,6599.61060690881,0.4288888871669769,0.4000000059604645
930.0,6611.474515199673,0.4288888871669769,0.4000000059604645
931.0,6623.379443883908,0.4288888871669769,0.4000000059604645
932.0,6639.742767333996,0.4288888871669769,0.4000000059604645
933.0,6651.629563570034,0.4288888871669769,0.4000000059604645
934.0,6663.010895490658,0.4288888871669769,0.4000000059604645
935.0,6674.263737201703,0.4288888871669769,0.4000000059604645
936.0,6685.616431713117,0.4288888871669769,0.4000000059604645
937.0,6696.993032217039,0.4288888871669769,0.4000000059604645
938.0,6709.368579387678,0.4288888871669769,0.4000000059604645
939.0,6722.778778553023,0.4288888871669769,0.4000000059604645
940.0,6735.78543376924,0.4288888871669769,0.4000000059604645
941.0,6753.141396522536,0.4288888871669769,0.4000000059604645
942.0,6765.676591396345,0.4288888871669769,0.4000000059604645
943.0,6778.314868927016,0.4288888871669769,0.4000000059604645
944.0,6791.010183572783,0.4288888871669769,0.4000000059604645
945.0,6803.68907618524,0.4288888871669769,0.4000000059604645
946.0,6816.269801139845,0.4288888871669769,0.4000000059604645
947.0,6828.823862075819,0.4288888871669769,0.4000000059604645
948.0,6841.503697633757,0.4288888871669769,0.4000000059604645
949.0,6858.092762708678,0.4288888871669769,0.4000000059604645
950.0,6870.881343126311,0.4288888871669769,0.4000000059604645
951.0,6883.975321054472,0.4288888871669769,0.4000000059604645
952.0,6896.760330438628,0.4288888871669769,0.4000000059604645
953.0,6909.486706256881,0.4288888871669769,0.4000000059604645
954.0,6922.324548006072,0.4288888871669769,0.4000000059604645
955.0,6934.749495983138,0.4288888871669769,0.4000000059604645
956.0,6951.402810096755,0.4288888871669769,0.4000000059604645
957.0,6963.522838115707,0.4288888871669769,0.4000000059604645
958.0,6975.13847970964,0.4288888871669769,0.4000000059604645
959.0,6986.931071996703,0.4288888871669769,0.4000000059604645
960.0,7000.022683858886,0.4288888871669769,0.4000000059604645
961.0,7013.795348405853,0.4288888871669769,0.4000000059604645
962.0,7026.836025238052,0.4288888871669769,0.4000000059604645
963.0,7040.033991813674,0.4288888871669769,0.4000000059604645
964.0,7052.543067932144,0.4288888871669769,0.4000000059604645
965.0,7065.168733358399,0.4288888871669769,0.4000000059604645
966.0,7078.18204760553,0.4288888871669769,0.4000000059604645
967.0,7090.887104034439,0.4288888871669769,0.4000000059604645
968.0,7103.7289166450655,0.4288888871669769,0.4000000059604645
969.0,7116.9631092548525,0.4288888871669769,0.4000000059604645
970.0,7129.559597253815,0.4288888871669769,0.4000000059604645
971.0,7142.350272655503,0.4288888871669769,0.4000000059604645
972.0,7155.00757527353,0.4288888871669769,0.4000000059604645
973.0,7167.697487115876,0.4288888871669769,0.4000000059604645
974.0,7186.652179479615,0.4288888871669769,0.4000000059604645
975.0,7199.642463207261,0.4288888871669769,0.4000000059604645
976.0,7212.295316696183,0.4288888871669769,0.4000000059604645
977.0,7225.278830766694,0.4288888871669769,0.4000000059604645
978.0,7238.103178977983,0.4288888871669769,0.4000000059604645
979.0,7251.095909357087,0.4288888871669769,0.4000000059604645
980.0,7264.937895059602,0.4288888871669769,0.4000000059604645
981.0,7277.883082628266,0.4288888871669769,0.4000000059604645
982.0,7295.457697153107,0.4288888871669769,0.4000000059604645
983.0,7308.264722824112,0.4288888871669769,0.4000000059604645
984.0,7321.181387662903,0.4288888871669769,0.4000000059604645
985.0,7334.762525320069,0.4288888871669769,0.4000000059604645
986.0,7347.961853027359,0.4288888871669769,0.4000000059604645
987.0,7362.437019109741,0.4288888871669769,0.4000000059604645
988.0,7377.519755840317,0.4288888871669769,0.4000000059604645
989.0,7392.754736185089,0.4288888871669769,0.4000000059604645
990.0,7408.057008743302,0.4288888871669769,0.4000000059604645
991.0,7425.043967485443,0.4288888871669769,0.4000000059604645
992.0,7439.810750007645,0.4288888871669769,0.4000000059604645
993.0,7454.792155981079,0.4288888871669769,0.4000000059604645
994.0,7469.694497585312,0.4288888871669769,0.4000000059604645
995.0,7484.846377372757,0.4288888871669769,0.4000000059604645
996.0,7499.722400903717,0.4288888871669769,0.4000000059604645
997.0,7515.082893371597,0.4288888871669769,0.4000000059604645
998.0,7530.179500818267,0.4288888871669769,0.4000000059604645
999.0,7544.002919197097,0.4288888871669769,0.4000000059604645
1000.0,7557.376017808929,0.4288888871669769,0.4000000059604645
1001.0,7570.778877258315,0.4288888871669769,0.4000000059604645
1002.0,7584.155100584045,0.4288888871669769,0.4000000059604645
1003.0,7597.421747684493,0.4288888871669769,0.4000000059604645
1004.0,7611.007399559036,0.4288888871669769,0.4000000059604645
1005.0,7623.9420630932,0.4288888871669769,0.4000000059604645
1006.0,7637.318750143066,0.4288888871669769,0.4000000059604645
1007.0,7650.432987213149,0.4288888871669769,0.4000000059604645
1008.0,7662.979320287719,0.4288888871669769,0.4000000059604645
1009.0,7675.2450039386895,0.4288888871669769,0.4000000059604645
1010.0,7687.794514179244,0.4288888871669769,0.4000000059604645
1011.0,7700.298827648177,0.4288888871669769,0.4000000059604645
1012.0,7712.741779565826,0.4288888871669769,0.4000000059604645
1013.0,7726.5099825859215,0.4288888871669769,0.4000000059604645
1014.0,7739.887183427825,0.4288888871669769,0.4000000059604645
1015.0,7753.3110997676995,0.4288888871669769,0.4000000059604645
1016.0,7766.446105957046,0.4288888871669769,0.4000000059604645
1017.0,7779.698265314117,0.4288888871669769,0.4000000059604645
1018.0,7794.143218040481,0.4288888871669769,0.4000000059604645
1019.0,7807.52750229837,0.4288888871669769,0.4000000059604645
1020.0,7820.903481245055,0.4288888871669769,0.4000000059604645
1021.0,7834.118541240707,0.4288888871669769,0.4000000059604645
1022.0,7847.48046278955,0.4288888871669769,0.4000000059604645
1023.0,7860.780257940307,0.4288888871669769,0.4000000059604645
1024.0,7875.229458093658,0.4288888871669769,0.4000000059604645
1025.0,7889.013295412078,0.4288888871669769,0.4000000059604645
1026.0,7902.855271101012,0.4288888871669769,0.4000000059604645
1027.0,7916.336076021208,0.4288888871669769,0.4000000059604645
1028.0,7930.007567882551,0.4288888871669769,0.4000000059604645
1029.0,7943.4675390720495,0.4288888871669769,0.4000000059604645
1030.0,7957.120312929166,0.4288888871669769,0.4000000059604645
1031.0,7970.68226194383,0.4288888871669769,0.4000000059604645
1032.0,7984.01643419267,0.4288888871669769,0.4000000059604645
1033.0,7997.22018337251,0.4288888871669769,0.4000000059604645
1034.0,8010.503003120435,0.4288888871669769,0.4000000059604645
1035.0,8024.046009778989,0.4288888871669769,0.4000000059604645
1036.0,8038.858619928373,0.4288888871669769,0.4000000059604645
1037.0,8053.07148408891,0.4288888871669769,0.4000000059604645
1038.0,8067.566100597394,0.4288888871669769,0.4000000059604645
1039.0,8081.7607491016515,0.4288888871669769,0.4000000059604645
1040.0,8095.9444320202,0.4288888871669769,0.4000000059604645
1041.0,8110.524967193616,0.4288888871669769,0.4000000059604645
1042.0,8124.27446985246,0.4288888871669769,0.4000000059604645
1043.0,8138.5876171589025,0.4288888871669769,0.4000000059604645
1044.0,8152.311479330076,0.4288888871669769,0.4000000059604645
1045.0,8169.868761062635,0.4288888871669769,0.4000000059604645
1046.0,8183.702964067472,0.4288888871669769,0.4000000059604645
1047.0,8198.038067340864,0.4288888871669769,0.4000000059604645
1048.0,8211.770515918744,0.4288888871669769,0.4000000059604645
1049.0,8225.8170528412,0.4288888871669769,0.4000000059604645
1050.0,8239.694945812238,0.4288888871669769,0.4000000059604645
1051.0,8253.793276786817,0.4288888871669769,0.4000000059604645
1052.0,8267.483135700239,0.4288888871669769,0.4000000059604645
1053.0,8281.575768947614,0.4288888871669769,0.4000000059604645
1054.0,8299.624791145337,0.4288888871669769,0.4000000059604645
1055.0,8312.967895984662,0.4288888871669769,0.4000000059604645
1056.0,8325.763643026365,0.4288888871669769,0.4000000059604645
1057.0,8338.83980226518,0.4288888871669769,0.4000000059604645
1058.0,8351.527309656156,0.4288888871669769,0.4000000059604645
1059.0,8364.62461948396,0.4288888871669769,0.4000000059604645
1060.0,8378.987919569028,0.4288888871669769,0.4000000059604645
1061.0,8393.564174175275,0.4288888871669769,0.4000000059604645
1062.0,8407.587948322309,0.4288888871669769,0.4000000059604645
1063.0,8421.434176206601,0.4288888871669769,0.4000000059604645
1064.0,8435.504249572767,0.4288888871669769,0.4000000059604645
1065.0,8449.573612213147,0.4288888871669769,0.4000000059604645
1066.0,8463.90910625459,0.4288888871669769,0.4000000059604645
1067.0,8478.161646366132,0.4288888871669769,0.4000000059604645
1068.0,8492.738178253187,0.4288888871669769,0.4000000059604645
1069.0,8507.028764724744,0.4288888871669769,0.4000000059604645
1070.0,8521.517937421811,0.4288888871669769,0.4000000059604645
1071.0,8535.826183080686,0.4288888871669769,0.4000000059604645
1072.0,8551.466024875654,0.4288888871669769,0.4000000059604645
1073.0,8567.492247819913,0.4288888871669769,0.4000000059604645
1074.0,8591.658972740186,0.4288888871669769,0.4000000059604645
1075.0,8609.43698692323,0.4288888871669769,0.4000000059604645
1076.0,8624.50277233125,0.4288888871669769,0.4000000059604645
1077.0,8640.286896228803,0.4288888871669769,0.4000000059604645
1078.0,8657.859455108655,0.4288888871669769,0.4000000059604645
1079.0,8673.734595775617,0.4288888871669769,0.4000000059604645
1080.0,8690.775809049619,0.4288888871669769,0.4000000059604645
1081.0,8705.588110208524,0.4288888871669769,0.4000000059604645
1082.0,8720.101971626294,0.4288888871669769,0.4000000059604645
1083.0,8734.586361408246,0.4288888871669769,0.4000000059604645
1084.0,8749.246426105512,0.4288888871669769,0.4000000059604645
1085.0,8764.353704690946,0.4288888871669769,0.4000000059604645
1086.0,8778.973059177411,0.4288888871669769,0.4000000059604645
1087.0,8796.974690198911,0.4288888871669769,0.4000000059604645
1088.0,8811.878740072263,0.4288888871669769,0.4000000059604645
1089.0,8830.386322975171,0.4288888871669769,0.4000000059604645
1090.0,8851.117058038724,0.4288888871669769,0.4000000059604645
1091.0,8868.490857124341,0.4288888871669769,0.4000000059604645
1092.0,8883.233252048505,0.4288888871669769,0.4000000059604645
1093.0,8897.97799086572,0.4288888871669769,0.4000000059604645
1094.0,8912.898967266095,0.4288888871669769,0.4000000059604645
1095.0,8927.631738901151,0.4288888871669769,0.4000000059604645
1096.0,8942.275763273252,0.42888888716697693,0.4000000059604645
